StepFunction,로컬 경로,상위 StepFunction (나를 호출),하위 StepFunction (내가 호출),Lambda,Glue Job / Workflow,IAM 정책 경로,비고
step_function_addi_conv_gad-youtube,stepfunction/step_function_addi_conv_gad-youtube.json,(없음 - 스케줄 트리거),athena-insert-data,"DateUtil (lambda/DateUtil); RDStoAthena_FullRefresh (lambda/RDStoAthena_FullRefresh)","[Glue Job] addi_conv_gclid_youtube_test (glue/addi_conv_gclid_youtube_test.py); addi_conv_metric_youtube (glue/addi_conv_metric_youtube.py); prod_addi_conv_insert_Athena_range (glue/prod_addi_conv_insert_Athena_range.py, RunInsertMetricYoutube 전용, 이번 교체 범위 밖); insert-athena-data-to-rdb-range (glue/insert-athena-data-to-rdb-range.py)",stepfunction/iam_policy_addi_conv_gad_youtube.json (참고용 통합본; 실제 개별 정책 파일 로컬 미보관),콘솔 미적용 상태(아직 배포 전)
step_function_addi_conv_raw_conv_web,stepfunction/step_function_addi_conv_raw_conv_web.json,(없음),athena-insert-data,DateUtil; RDStoAthena_FullRefresh,(없음 - Glue Job은 athena-insert-data 방식으로 대체됨),"iam/GlueJobRunManagementFullAccessPolicy-7c70f616-0f55-4572-a1b1-504e1610f7d3.json; iam/LambdaInvokeScopedAccessPolicy-56005f2a-184c-4478-bac9-99304746d8a6.json; iam/XRayAccessPolicy-6da4161b-b725-45db-95c3-8154c4abb7c5.json; iam/StepFunctionsStartExecutionScopedAccessPolicy.json (신규 추가분); 참고용 stepfunction/iam_policy_addi_conv_raw_conv_web.json",콘솔 적용 완료. raw_conv_web_home 테스트 진행 중
weather_dataset,stepfunction/weather_dataset.json,(없음),(없음),"weather_uv; weather_fcst; weather_fine_dust; weather_special_alert; weather_codes_update (모두 lambda/weather_* 폴더)",(없음),lambda/weather_lambda_policy.json (참고용),이번 세션 작업 대상 아님 - 날씨 데이터 수집 파이프라인
athena-insert-data,abi/stepfunctions/athena-insert-data.json,"step_function_addi_conv_gad-youtube; step_function_addi_conv_raw_conv_web; ptbwa-bid-log-etl-hourly (x3); ptbwa-log-agg",(없음),CreateAthenaQuery (abi/lambda/CreateAthenaQuery); DeleteS3Objects (abi/lambda/DeleteS3Objects),(없음),"abi/iam/AthenaGetQueryExecutionFullAccessPolicy-03a105f1-6131-45ca-a5b3-e4da8cecce92.json; abi/iam/AthenaStartQueryExecutionScopedAccessPolicy-ff3dd2fc-0dce-4951-8c84-25fa4de20313.json; abi/iam/CloudWatchLogsDeliveryFullAccessPolicy-cdec7e6a-fcc3-431e-a969-f2b225a543b0.json; abi/iam/CloudWatchLogsDeliveryFullAccessPolicy-StepFunctions-athena-insert-data-role-vki4irhmq.json; abi/iam/LambdaInvokeScopedAccessPolicy-4c176c30-2c8c-4453-849a-1750fdea469b.json; abi/iam/XRayAccessPolicy-8e414f0c-bfc2-46a0-815a-8f2ae6b0192d.json","공용 재사용 상태머신. 이번 세션 핵심 작업 대상. Athena WorkGroup=primary, 결과경로 s3://ptbwa-athena/query/output/"
data-consistency,abi/stepfunctions/data-consistency.json,ptbwa-log-etl-daily (x3),(없음 - CreateAthenaQuery Lambda 직접 호출),CreateAthenaQuery; DataConsistencyAlert (소스 로컬 미보관),(없음),로컬 미보관 (콘솔에서 직접 확인 필요),Athena 쿼리 결과 rowcount로 데이터 정합성 체크
ptbwa-bid-log-etl-hourly,abi/stepfunctions/ptbwa-bid-log-etl-hourly.json,(없음 - 최상위 3개 파이프라인 중 하나),athena-insert-data (x3: Abi/APM/NHN),PtbwaLogMissingAlert (소스 로컬 미보관),"[Glue Workflow, 코드 없음] ptbwa-abi-bid-hourly; ptbwa-apm-bid-hourly; ptbwa-nhn-bid","abi/iam/CloudWatchLogsDeliveryFullAccessPolicy-577021c6-3578-4979-a7ac-fa952194e937.json; abi/iam/LambdaInvokeScopedAccessPolicy-253ee4cb-add5-44ff-8397-79a176a84f89.json; abi/iam/StepFunctions-ptbwa-bid-log-etl-hourly-role-p1v6e2p7p-additional-service.json; abi/iam/StepFunctionsStartExecutionManagementScopedAccessPolicy-1f0de013-ed4d-40ac-becb-6ffda735e4cb.json; abi/iam/XRayAccessPolicy-3ce3626c-cce5-4e07-91fc-11f08ff0c7e7.json",IAM은 role 이름(p1v6e2p7p) 매칭 기반 추정 - 콘솔에서 재확인 권장
ptbwa-log-agg,abi/stepfunctions/ptbwa-log-agg.json,ptbwa-log-etl-daily (x4); ptbwa-postback-log-etl-hourly (x1),athena-insert-data,(없음),insert-athena-data-to-rdb (abi/glue/insert-athena-data-to-rdb.py),로컬 미보관 (콘솔 확인 필요),공용 서브 상태머신 - Athena 집계 후 RDB 적재
ptbwa-log-etl-daily,abi/stepfunctions/ptbwa-log-etl-daily.json,(없음 - 최상위 3개 파이프라인 중 하나),ptbwa-log-agg (x4); data-consistency (x3),(없음),"[Glue Workflow, 코드 없음] ptbwa-log-daily",로컬 미보관 (콘솔 확인 필요),README.md(abi/README.md)에 3대 최상위 파이프라인으로 명시
ptbwa-postback-log-etl-hourly,abi/stepfunctions/ptbwa-postback-log-etl-hourly.json,(없음 - 최상위 3개 파이프라인 중 하나),ptbwa-log-agg,PtbwaLogMissingAlert,"[Glue Workflow, 코드 없음] ptbwa-postback-hourly",로컬 미보관 (콘솔 확인 필요),-
